spp,CommonName,Source,PrimerNote,Country,Site,lat_deg,lat_min,lat_sec,lon_deg,CollectionYear,NumMarkers,MarkerName,CrossSpp,n,Repeat,He,Hese
Rhomboplites aurorubens,vermilion snapper,Bagley&Geller 1998 Molecular Ecology 7:1083-1090,1,USA,"near Murrells Inlet, South Carolina",33.5467,,,-79.0431,,1,Ra1,0,60,2,0.922,
Rhomboplites aurorubens,vermilion snapper,Bagley&Geller 1998 Molecular Ecology 7:1083-1090,1,USA,"near Murrells Inlet, South Carolina",33.5467,,,-79.0431,,1,Ra2,0,60,2,0.92,
Rhomboplites aurorubens,vermilion snapper,Bagley&Geller 1998 Molecular Ecology 7:1083-1090,1,USA,"near Murrells Inlet, South Carolina",33.5467,,,-79.0431,,1,Ra3,0,60,2,0.933,
Rhomboplites aurorubens,vermilion snapper,Bagley&Geller 1998 Molecular Ecology 7:1083-1090,1,USA,"near Murrells Inlet, South Carolina",33.5467,,,-79.0431,,1,Ra4,0,60,2,0.968,
Rhomboplites aurorubens,vermilion snapper,Bagley&Geller 1998 Molecular Ecology 7:1083-1090,1,USA,"near Murrells Inlet, South Carolina",33.5467,,,-79.0431,,1,Ra5,0,60,2,0.897,
Rhomboplites aurorubens,vermilion snapper,Bagley&Geller 1998 Molecular Ecology 7:1083-1090,1,USA,"near Murrells Inlet, South Carolina",33.5467,,,-79.0431,,1,Ra6,0,60,2,0.939,
Rhomboplites aurorubens,vermilion snapper,Bagley&Geller 1998 Molecular Ecology 7:1083-1090,1,USA,"near Murrells Inlet, South Carolina",33.5467,,,-79.0431,,1,Ra7,0,60,2,0.547,
Rhomboplites aurorubens,vermilion snapper,Bagley&Geller 1998 Molecular Ecology 7:1083-1090,1,USA,"near Murrells Inlet, South Carolina",33.5467,,,-79.0431,,1,Ra11,0,60,2,0.907,
Rhomboplites aurorubens,vermilion snapper,Bagley&Geller 1998 Molecular Ecology 7:1083-1090,1,USA,"near Murrells Inlet, South Carolina",33.5467,,,-79.0431,,1,Ra12,0,60,2,0.718,
Odontesthes argentinensis,silverside,Beheregaray&Sunnucks 2001 Molecular Ecology 10:2849-2866,0,Brazil,Cassino,-32.051,,,-52.1861,,1,,0,50,,0.81,
Odontesthes argentinensis,silverside,Beheregaray&Sunnucks 2001 Molecular Ecology 10:2849-2866,0,Uruguay,Montevideo,-34.8792,,,-56.3611,,1,,0,32,,0.81,
Odontesthes argentinensis,silverside,Beheregaray&Sunnucks 2001 Molecular Ecology 10:2849-2866,0,Argentina,Puerto Madryn,-42.7575,,,-65.0142,,1,,0,16,,0.65,
Rhomboplites aurorubens,vermilion snapper,Bagley et al. 1999 Marine Biology 134:609-620,0,USA,"Morehead City,  North Carolina",34.5507,,,-76.5795,1996,1,Ra2,0,93,,0.931,
Rhomboplites aurorubens,vermilion snapper,Bagley et al. 1999 Marine Biology 134:609-620,0,USA,"Morehead City,  North Carolina",34.5507,,,-76.5795,1996,1,Ra3,0,93,,0.927,
Rhomboplites aurorubens,vermilion snapper,Bagley et al. 1999 Marine Biology 134:609-620,0,USA,"Morehead City,  North Carolina",34.5507,,,-76.5795,1996,1,Ra7,0,93,,0.406,
Rhomboplites aurorubens,vermilion snapper,Bagley et al. 1999 Marine Biology 134:609-620,0,USA,"Morehead City,  North Carolina",34.5507,,,-76.5795,1996,1,Ra11,0,93,,0.728,
Rhomboplites aurorubens,vermilion snapper,Bagley et al. 1999 Marine Biology 134:609-620,0,USA,"Carolina Beach, North Carolina",34.0142,,,-77.7383,1996,1,Ra2,0,108,,0.93,
Rhomboplites aurorubens,vermilion snapper,Bagley et al. 1999 Marine Biology 134:609-620,0,USA,"Carolina Beach, North Carolina",34.0142,,,-77.7383,1996,1,Ra3,0,108,,0.932,
Rhomboplites aurorubens,vermilion snapper,Bagley et al. 1999 Marine Biology 134:609-620,0,USA,"Carolina Beach, North Carolina",34.0142,,,-77.7383,1996,1,Ra7,0,108,,0.432,
Rhomboplites aurorubens,vermilion snapper,Bagley et al. 1999 Marine Biology 134:609-620,0,USA,"Carolina Beach, North Carolina",34.0142,,,-77.7383,1996,1,Ra11,0,108,,0.726,
Rhomboplites aurorubens,vermilion snapper,Bagley et al. 1999 Marine Biology 134:609-620,0,USA,"Mt. Pleasant, South Carolina",32.8065,,,-79.5043,1996,1,Ra2,0,100,,0.933,
Rhomboplites aurorubens,vermilion snapper,Bagley et al. 1999 Marine Biology 134:609-620,0,USA,"Mt. Pleasant, South Carolina",32.8065,,,-79.5043,1996,1,Ra3,0,100,,0.933,
Rhomboplites aurorubens,vermilion snapper,Bagley et al. 1999 Marine Biology 134:609-620,0,USA,"Mt. Pleasant, South Carolina",32.8065,,,-79.5043,1996,1,Ra7,0,100,,0.503,
Rhomboplites aurorubens,vermilion snapper,Bagley et al. 1999 Marine Biology 134:609-620,0,USA,"Mt. Pleasant, South Carolina",32.8065,,,-79.5043,1996,1,Ra11,0,100,,0.73,
Rhomboplites aurorubens,vermilion snapper,Bagley et al. 1999 Marine Biology 134:609-620,0,USA,"St. Augustine, Florida",29.9086,,,-81.2426,1996,1,Ra2,0,100,,0.934,
Rhomboplites aurorubens,vermilion snapper,Bagley et al. 1999 Marine Biology 134:609-620,0,USA,"St. Augustine, Florida",29.9086,,,-81.2426,1996,1,Ra3,0,100,,0.941,
Rhomboplites aurorubens,vermilion snapper,Bagley et al. 1999 Marine Biology 134:609-620,0,USA,"St. Augustine, Florida",29.9086,,,-81.2426,1996,1,Ra7,0,100,,0.414,
Rhomboplites aurorubens,vermilion snapper,Bagley et al. 1999 Marine Biology 134:609-620,0,USA,"St. Augustine, Florida",29.9086,,,-81.2426,1996,1,Ra11,0,100,,0.738,
Rhomboplites aurorubens,vermilion snapper,Bagley et al. 1999 Marine Biology 134:609-620,0,USA,"Orange Beach, Alabama",30.2438,,,-87.5857,1996,1,Ra2,0,100,,0.922,
Rhomboplites aurorubens,vermilion snapper,Bagley et al. 1999 Marine Biology 134:609-620,0,USA,"Orange Beach, Alabama",30.2438,,,-87.5857,1996,1,Ra3,0,100,,0.928,
Rhomboplites aurorubens,vermilion snapper,Bagley et al. 1999 Marine Biology 134:609-620,0,USA,"Orange Beach, Alabama",30.2438,,,-87.5857,1996,1,Ra7,0,100,,0.375,
Rhomboplites aurorubens,vermilion snapper,Bagley et al. 1999 Marine Biology 134:609-620,0,USA,"Orange Beach, Alabama",30.2438,,,-87.5857,1996,1,Ra11,0,100,,0.669,
Dicentrarchus labrax,sea bass,Bahri-Sfar et al. 2000 Proc. R. Soc. Lond. B 267:929-935,0,Tunisia,"Siculo-Tunisian Strait, Ghar el Melh",37.2012,,,10.2977,1997,1,,0,16,,0.85,
Dicentrarchus labrax,sea bass,Bahri-Sfar et al. 2000 Proc. R. Soc. Lond. B 267:929-935,0,Tunisia,"Gulf of Tunis, La Goulette",36.8196,,,10.3359,1997,1,,0,32,,0.83,
Dicentrarchus labrax,sea bass,Bahri-Sfar et al. 2000 Proc. R. Soc. Lond. B 267:929-935,0,Tunisia,"Lybico-Tunisian Gulf, Mahdia",35.3975,,,11.1764,1996,1,,0,29,,0.85,
Dicentrarchus labrax,sea bass,Bahri-Sfar et al. 2000 Proc. R. Soc. Lond. B 267:929-935,0,Tunisia,"Lybico-Tunisian Gulf, Kerkennah Islands",34.7694,,,11.1511,1997,1,,0,30,,0.87,
Dicentrarchus labrax,sea bass,Bahri-Sfar et al. 2000 Proc. R. Soc. Lond. B 267:929-935,0,Tunisia,"Lybico-Tunisian Gulf, Sfax",34.7399,,,10.8907,1996,1,,0,11,,0.89,
Dicentrarchus labrax,sea bass,Bahri-Sfar et al. 2000 Proc. R. Soc. Lond. B 267:929-935,0,Greece,"Aegean Sea, Thessaloniki",40.5743,,,22.8829,1997,1,,0,30,,0.82,
Dicentrarchus labrax,sea bass,Bahri-Sfar et al. 2000 Proc. R. Soc. Lond. B 267:929-935,0,Greece,"Aegean Sea, Crete",35.7179,,,24.9022,,1,,0,6,,0.72,
Negaprion brevirostris,lemon shark,Feldheim et al. 2001 Molecular Ecology 10:295-303,0,Bahamas,Bimini,25.7745,,,-79.2366,,1,LS22,0,464,2,0.896,
Negaprion brevirostris,lemon shark,Feldheim et al. 2001 Molecular Ecology 10:295-303,0,Bahamas,Bimini,25.7745,,,-79.2366,,1,LS30,0,513,2,0.748,
Negaprion brevirostris,lemon shark,Feldheim et al. 2001 Molecular Ecology 10:295-303,0,USA,"Marquesas Key, Florida",24.5747,,,-82.1167,,1,LS22,0,118,2,0.896,
Negaprion brevirostris,lemon shark,Feldheim et al. 2001 Molecular Ecology 10:295-303,0,USA,"Marquesas Key, Florida",24.5747,,,-82.1167,,1,LS30,0,119,2,0.748,
Negaprion brevirostris,lemon shark,Feldheim et al. 2001 Molecular Ecology 10:295-303,0,USA,"Gullivan Bay, Florida",26.8633,,,-81.6282,,1,LS22,0,21,2,0.896,
Negaprion brevirostris,lemon shark,Feldheim et al. 2001 Molecular Ecology 10:295-303,0,USA,"Gullivan Bay, Florida",26.8633,,,-81.6282,,1,LS30,0,21,2,0.748,
Negaprion brevirostris,lemon shark,Feldheim et al. 2001 Molecular Ecology 10:295-303,0,Brazil,Atol das Rocas,-3.8647,,,-33.8058,,1,LS22,0,70,2,0.896,
Negaprion brevirostris,lemon shark,Feldheim et al. 2001 Molecular Ecology 10:295-303,0,Brazil,Atol das Rocas,-3.8647,,,-33.8058,,1,LS30,0,73,2,0.748,
Epinephelus marginatus,dusky grouper,De Innocentiis et al. 2001 Molecular Ecology 10:2163-2175,0,Italy,Thyrrenian Sea,39.3098,,,14.2779,,1,GAG007,0,16,,0.51,
Epinephelus marginatus,dusky grouper,De Innocentiis et al. 2001 Molecular Ecology 10:2163-2175,0,Italy,Thyrrenian Sea,39.3098,,,14.2779,,1,GAG010,0,15,,0.79,
Epinephelus marginatus,dusky grouper,De Innocentiis et al. 2001 Molecular Ecology 10:2163-2175,0,Italy,Thyrrenian Sea,39.3098,,,14.2779,,1,GAG038,0,16,,0.93,
Epinephelus marginatus,dusky grouper,De Innocentiis et al. 2001 Molecular Ecology 10:2163-2175,0,Italy,Thyrrenian Sea,39.3098,,,14.2779,,1,GAG045,0,15,,0.83,
Epinephelus marginatus,dusky grouper,De Innocentiis et al. 2001 Molecular Ecology 10:2163-2175,0,Italy,Thyrrenian Sea,39.3098,,,14.2779,,1,GAG049,0,16,,0.71,
Epinephelus marginatus,dusky grouper,De Innocentiis et al. 2001 Molecular Ecology 10:2163-2175,0,Italy,Thyrrenian Sea,39.3098,,,14.2779,,1,EM10,0,16,,0.84,
Epinephelus marginatus,dusky grouper,De Innocentiis et al. 2001 Molecular Ecology 10:2163-2175,0,Italy,Ionian Sea,39.9528,,,17.8155,,1,GAG007,0,14,,0.5,
Epinephelus marginatus,dusky grouper,De Innocentiis et al. 2001 Molecular Ecology 10:2163-2175,0,Italy,Ionian Sea,39.9528,,,17.8155,,1,GAG010,0,14,,0.8,
Epinephelus marginatus,dusky grouper,De Innocentiis et al. 2001 Molecular Ecology 10:2163-2175,0,Italy,Ionian Sea,39.9528,,,17.8155,,1,GAG038,0,14,,0.91,
Epinephelus marginatus,dusky grouper,De Innocentiis et al. 2001 Molecular Ecology 10:2163-2175,0,Italy,Ionian Sea,39.9528,,,17.8155,,1,GAG045,0,14,,0.87,
Epinephelus marginatus,dusky grouper,De Innocentiis et al. 2001 Molecular Ecology 10:2163-2175,0,Italy,Ionian Sea,39.9528,,,17.8155,,1,GAG049,0,14,,0.73,
Epinephelus marginatus,dusky grouper,De Innocentiis et al. 2001 Molecular Ecology 10:2163-2175,0,Italy,Ionian Sea,39.9528,,,17.8155,,1,EM10,0,14,,0.88,
Epinephelus marginatus,dusky grouper,De Innocentiis et al. 2001 Molecular Ecology 10:2163-2175,0,Italy,Lampedusa Island,35.5344,,,12.6932,,1,GAG007,0,55,,0.57,
Epinephelus marginatus,dusky grouper,De Innocentiis et al. 2001 Molecular Ecology 10:2163-2175,0,Italy,Lampedusa Island,35.5344,,,12.6932,,1,GAG010,0,55,,0.87,
Epinephelus marginatus,dusky grouper,De Innocentiis et al. 2001 Molecular Ecology 10:2163-2175,0,Italy,Lampedusa Island,35.5344,,,12.6932,,1,GAG038,0,55,,0.89,
Epinephelus marginatus,dusky grouper,De Innocentiis et al. 2001 Molecular Ecology 10:2163-2175,0,Italy,Lampedusa Island,35.5344,,,12.6932,,1,GAG045,0,56,,0.85,
Epinephelus marginatus,dusky grouper,De Innocentiis et al. 2001 Molecular Ecology 10:2163-2175,0,Italy,Lampedusa Island,35.5344,,,12.6932,,1,GAG049,0,56,,0.64,
Epinephelus marginatus,dusky grouper,De Innocentiis et al. 2001 Molecular Ecology 10:2163-2175,0,Italy,Lampedusa Island,35.5344,,,12.6932,,1,EM10,0,53,,0.84,
Epinephelus marginatus,dusky grouper,De Innocentiis et al. 2001 Molecular Ecology 10:2163-2175,0,Tunisia,South Mediterranean Sea,35.9057,,,11.048009,,1,GAG007,0,4,,0.54,
Epinephelus marginatus,dusky grouper,De Innocentiis et al. 2001 Molecular Ecology 10:2163-2175,0,Tunisia,South Mediterranean Sea,35.9057,,,11.048009,,1,GAG010,0,9,,0.89,
Epinephelus marginatus,dusky grouper,De Innocentiis et al. 2001 Molecular Ecology 10:2163-2175,0,Tunisia,South Mediterranean Sea,35.9057,,,11.048009,,1,GAG038,0,26,,0.86,
Epinephelus marginatus,dusky grouper,De Innocentiis et al. 2001 Molecular Ecology 10:2163-2175,0,Tunisia,South Mediterranean Sea,35.9057,,,11.048009,,1,GAG045,0,29,,0.93,
Epinephelus marginatus,dusky grouper,De Innocentiis et al. 2001 Molecular Ecology 10:2163-2175,0,Tunisia,South Mediterranean Sea,35.9057,,,11.048009,,1,GAG049,0,25,,0.83,
Epinephelus marginatus,dusky grouper,De Innocentiis et al. 2001 Molecular Ecology 10:2163-2175,0,Tunisia,South Mediterranean Sea,35.9057,,,11.048009,,1,EM10,0,11,,0.82,
Epinephelus marginatus,dusky grouper,De Innocentiis et al. 2001 Molecular Ecology 10:2163-2175,0,Italy,Sardinia,38.8214,,,8.8067,,1,GAG007,0,31,,0.54,
Epinephelus marginatus,dusky grouper,De Innocentiis et al. 2001 Molecular Ecology 10:2163-2175,0,Italy,Sardinia,38.8214,,,8.8067,,1,GAG010,0,32,,0.82,
Epinephelus marginatus,dusky grouper,De Innocentiis et al. 2001 Molecular Ecology 10:2163-2175,0,Italy,Sardinia,38.8214,,,8.8067,,1,GAG038,0,32,,0.81,
Epinephelus marginatus,dusky grouper,De Innocentiis et al. 2001 Molecular Ecology 10:2163-2175,0,Italy,Sardinia,38.8214,,,8.8067,,1,GAG045,0,33,,0.9,
Epinephelus marginatus,dusky grouper,De Innocentiis et al. 2001 Molecular Ecology 10:2163-2175,0,Italy,Sardinia,38.8214,,,8.8067,,1,GAG049,0,32,,0.64,
Epinephelus marginatus,dusky grouper,De Innocentiis et al. 2001 Molecular Ecology 10:2163-2175,0,Italy,Sardinia,38.8214,,,8.8067,,1,EM10,0,32,,0.85,
Dissostichus eleginoides,patagonian toothfish,Reilly&Ward 1999 Molecular Ecology 8:1000-1015,1,Australia,Macquarie Island (Site 1),-54.6049,,,158.7246,,1,cmrDe4,0,17,,0.849,
Dissostichus eleginoides,patagonian toothfish,Reilly&Ward 1999 Molecular Ecology 8:1000-1015,1,Australia,Macquarie Island (Site 2),-54.6049,,,158.7246,,1,cmrDe4,0,15,,0.851,
Dissostichus eleginoides,patagonian toothfish,Reilly&Ward 1999 Molecular Ecology 8:1000-1015,1,Australia,Macquarie Island (Site 1),-54.6049,,,158.7246,,1,cmrDe13,0,17,,0.557,
Dissostichus eleginoides,patagonian toothfish,Reilly&Ward 1999 Molecular Ecology 8:1000-1015,1,Australia,Macquarie Island (Site 2),-54.6049,,,158.7246,,1,cmrDe13,0,17,,0.59,
Dissostichus eleginoides,patagonian toothfish,Reilly&Ward 1999 Molecular Ecology 8:1000-1015,1,Australia,Macquarie Island (Site 1),-54.6049,,,158.7246,,1,cmrDe9,0,17,,0.905,
Dissostichus eleginoides,patagonian toothfish,Reilly&Ward 1999 Molecular Ecology 8:1000-1015,1,Australia,Macquarie Island (Site 2),-54.6049,,,158.7246,,1,cmrDe9,0,15,,0.904,
Dissostichus eleginoides,patagonian toothfish,Reilly&Ward 1999 Molecular Ecology 8:1000-1015,1,Australia,Macquarie Island (Site 1),-54.6049,,,158.7246,,1,cmrDe30,0,16,,0.66,
Dissostichus eleginoides,patagonian toothfish,Reilly&Ward 1999 Molecular Ecology 8:1000-1015,1,Australia,Macquarie Island (Site 1),-54.6049,,,158.7246,,1,cmrDe2,0,17,,0.898,
Dissostichus eleginoides,patagonian toothfish,Reilly&Ward 1999 Molecular Ecology 8:1000-1015,1,Australia,Macquarie Island (Site 2),-54.6049,,,158.7246,,1,cmrDe2,0,17,,0.917,
Sciaenops ocellatus,red drum,Turner et al. 1998 Moleculary Ecology 7:1771-1788,1,USA,"Apalachicola Bay, Florida",29.6714,,,-84.9883,,1,Soc 008,0,9,2,0.76,
Sciaenops ocellatus,red drum,Turner et al. 1998 Moleculary Ecology 7:1771-1788,1,USA,"Apalachicola Bay, Florida",29.6714,,,-84.9883,,1,Soc 011,0,9,2,0.46,
Sciaenops ocellatus,red drum,Turner et al. 1998 Moleculary Ecology 7:1771-1788,1,USA,"Apalachicola Bay, Florida",29.6714,,,-84.9883,,1,Soc 019,0,9,4,0.93,
Sciaenops ocellatus,red drum,Turner et al. 1998 Moleculary Ecology 7:1771-1788,1,USA,"Apalachicola Bay, Florida",29.6714,,,-84.9883,,1,Soc 034,0,9,2,0.9,
Sciaenops ocellatus,red drum,Turner et al. 1998 Moleculary Ecology 7:1771-1788,1,USA,"Apalachicola Bay, Florida",29.6714,,,-84.9883,,1,Soc 035,0,9,2,0.8,
Sciaenops ocellatus,red drum,Turner et al. 1998 Moleculary Ecology 7:1771-1788,1,USA,"Apalachicola Bay, Florida",29.6714,,,-84.9883,,1,Soc 038,0,9,2,0.87,
Sciaenops ocellatus,red drum,Turner et al. 1998 Moleculary Ecology 7:1771-1788,1,USA,"Apalachicola Bay, Florida",29.6714,,,-84.9883,,1,Soc 044,0,9,2,0.94,
Sciaenops ocellatus,red drum,Turner et al. 1998 Moleculary Ecology 7:1771-1788,1,USA,"Apalachicola Bay, Florida",29.6714,,,-84.9883,,1,Soc 049,0,9,2,0.93,
Sciaenops ocellatus,red drum,Turner et al. 1998 Moleculary Ecology 7:1771-1788,1,USA,"Apalachicola Bay, Florida",29.6714,,,-84.9883,,1,Soc 050,0,9,2,0.13,
Sciaenops ocellatus,red drum,Turner et al. 1998 Moleculary Ecology 7:1771-1788,1,USA,"Apalachicola Bay, Florida",29.6714,,,-84.9883,,1,Soc 060,0,9,3,0.5,
Sciaenops ocellatus,red drum,Turner et al. 1998 Moleculary Ecology 7:1771-1788,1,USA,"Apalachicola Bay, Florida",29.6714,,,-84.9883,,1,Soc 077,0,9,2,0.67,
Sciaenops ocellatus,red drum,Turner et al. 1998 Moleculary Ecology 7:1771-1788,1,USA,"Apalachicola Bay, Florida",29.6714,,,-84.9883,,1,Soc 083,0,9,2,0.91,
Sciaenops ocellatus,red drum,Turner et al. 1998 Moleculary Ecology 7:1771-1788,1,USA,"Apalachicola Bay, Florida",29.6714,,,-84.9883,,1,Soc 085,0,9,2,0.92,
Sciaenops ocellatus,red drum,Turner et al. 1998 Moleculary Ecology 7:1771-1788,1,USA,"Apalachicola Bay, Florida",29.6714,,,-84.9883,,1,Soc 099,0,9,2,0.94,
Sciaenops ocellatus,red drum,Turner et al. 1998 Moleculary Ecology 7:1771-1788,1,USA,"Apalachicola Bay, Florida",29.6714,,,-84.9883,,1,Soc 125,0,9,2,0.7,
Sciaenops ocellatus,red drum,Turner et al. 1998 Moleculary Ecology 7:1771-1788,1,USA,"Apalachicola Bay, Florida",29.6714,,,-84.9883,,1,Soc 129,0,9,4,0.95,
Sciaenops ocellatus,red drum,Turner et al. 1998 Moleculary Ecology 7:1771-1788,1,USA,"Apalachicola Bay, Florida",29.6714,,,-84.9883,,1,Soc 133,0,9,3,0.85,
Sciaenops ocellatus,red drum,Turner et al. 1998 Moleculary Ecology 7:1771-1788,1,USA,"Apalachicola Bay, Florida",29.6714,,,-84.9883,,1,Soc 140,0,9,4,0.67,
Sciaenops ocellatus,red drum,Turner et al. 1998 Moleculary Ecology 7:1771-1788,1,USA,"Apalachicola Bay, Florida",29.6714,,,-84.9883,,1,Soc 156,0,9,3,0.6,
Sciaenops ocellatus,red drum,Turner et al. 1998 Moleculary Ecology 7:1771-1788,1,USA,"Apalachicola Bay, Florida",29.6714,,,-84.9883,,1,Soc 177,0,9,4,0.89,
Sciaenops ocellatus,red drum,Turner et al. 1998 Moleculary Ecology 7:1771-1788,1,USA,"Apalachicola Bay, Florida",29.6714,,,-84.9883,,1,Soc 201,0,9,3,0.7,
Sciaenops ocellatus,red drum,Turner et al. 1998 Moleculary Ecology 7:1771-1788,1,USA,"Apalachicola Bay, Florida",29.6714,,,-84.9883,,1,Soc 204,0,9,3,0.84,
Sciaenops ocellatus,red drum,Turner et al. 1998 Moleculary Ecology 7:1771-1788,1,USA,"Apalachicola Bay, Florida",29.6714,,,-84.9883,,1,Soc 243,0,9,3,0.8,
Sciaenops ocellatus,red drum,Turner et al. 1998 Moleculary Ecology 7:1771-1788,1,USA,"Apalachicola Bay, Florida",29.6714,,,-84.9883,,1,Soc 247,0,9,3,0.79,
Sciaenops ocellatus,red drum,Turner et al. 1998 Moleculary Ecology 7:1771-1788,1,USA,"Apalachicola Bay, Florida",29.6714,,,-84.9883,,1,Soc 252,0,9,2,0.9,
Sciaenops ocellatus,red drum,Turner et al. 1998 Moleculary Ecology 7:1771-1788,1,USA,"Apalachicola Bay, Florida",29.6714,,,-84.9883,,1,Soc 276,0,9,2,0.84,
Carcharodon carcharias,Great White Shark,Pardini et al. 2000 Molecular Ecology 9:1171-1193,1,South Africa,Dyer Island,-34.6812,,,19.4151,,1,Ccar1,0,8,2,0.65,
Carcharodon carcharias,Great White Shark,Pardini et al. 2000 Molecular Ecology 9:1171-1193,1,South Africa,Dyer Island,-34.6812,,,19.4151,,1,Ccar3.1,0,8,2,0.51,
Carcharodon carcharias,Great White Shark,Pardini et al. 2000 Molecular Ecology 9:1171-1193,1,South Africa,Dyer Island,-34.6812,,,19.4151,,1,Ccar9,0,8,2,0.83,
Carcharodon carcharias,Great White Shark,Pardini et al. 2000 Molecular Ecology 9:1171-1193,1,South Africa,Dyer Island,-34.6812,,,19.4151,,1,Ccar13,0,8,2,0.79,
Carcharodon carcharias,Great White Shark,Pardini et al. 2000 Molecular Ecology 9:1171-1193,1,South Africa,Dyer Island,-34.6812,,,19.4151,,1,Ccar19,0,8,2,0.51,
Dissostichus eleginoides,patagonian toothfish,Smith&McVeagh 2000 Journal of Fish Biology 57:72-83,0,Antarctica,Prince Edward Island,-46.653,,,37.8725,,1,To2,0,48,,0.6283,
Dissostichus eleginoides,patagonian toothfish,Smith&McVeagh 2000 Journal of Fish Biology 57:72-83,0,Antarctica,Prince Edward Island,-46.653,,,37.8725,,1,To3,0,48,,0.0616,
Dissostichus eleginoides,patagonian toothfish,Smith&McVeagh 2000 Journal of Fish Biology 57:72-83,0,Antarctica,Prince Edward Island,-46.653,,,37.8725,,1,To5,0,48,,0.0208,
Dissostichus eleginoides,patagonian toothfish,Smith&McVeagh 2000 Journal of Fish Biology 57:72-83,0,Antarctica,Heard Island,-53.2938,,,72.7006,,1,To2,0,31,,0.5638,
Dissostichus eleginoides,patagonian toothfish,Smith&McVeagh 2000 Journal of Fish Biology 57:72-83,0,Antarctica,Heard Island,-53.2938,,,72.7006,,1,To3,0,31,,0.0322,
Dissostichus eleginoides,patagonian toothfish,Smith&McVeagh 2000 Journal of Fish Biology 57:72-83,0,Antarctica,Heard Island,-53.2938,,,72.7006,,1,To5,0,51,,0.0196,
Dissostichus eleginoides,patagonian toothfish,Smith&McVeagh 2000 Journal of Fish Biology 57:72-83,0,Antarctica,Macquarie Island,-54.6312,,,158.7438,,1,To2,0,50,,0.7404,
Dissostichus eleginoides,patagonian toothfish,Smith&McVeagh 2000 Journal of Fish Biology 57:72-83,0,Antarctica,Macquarie Island,-54.6312,,,158.7438,,1,To3,0,51,,0.1482,
Dissostichus eleginoides,patagonian toothfish,Smith&McVeagh 2000 Journal of Fish Biology 57:72-83,0,Antarctica,Macquarie Island,-54.6312,,,158.7438,,1,To5,0,51,,0.1182,
Dissostichus eleginoides,patagonian toothfish,Smith&McVeagh 2000 Journal of Fish Biology 57:72-83,0,Antarctica,Ross Dependency,-59.3238,,,-167.3318,,1,To2,0,30,,0.5856,
Dissostichus eleginoides,patagonian toothfish,Smith&McVeagh 2000 Journal of Fish Biology 57:72-83,0,Antarctica,Ross Dependency,-59.3238,,,-167.3318,,1,To3,0,30,,0.0333,
Dissostichus eleginoides,patagonian toothfish,Smith&McVeagh 2000 Journal of Fish Biology 57:72-83,0,Antarctica,Ross Dependency,-59.3238,,,-167.3318,,1,To5,0,32,,0.1493,
Dissostichus eleginoides,patagonian toothfish,Smith&McVeagh 2000 Journal of Fish Biology 57:72-83,0,Argentina,Falkland Island,-52.4849,,,-59.9853,,1,To2,0,48,,0.5329,
Dissostichus eleginoides,patagonian toothfish,Smith&McVeagh 2000 Journal of Fish Biology 57:72-83,0,Argentina,Falkland Island,-52.4849,,,-59.9853,,1,To3,0,36,,0.0277,
Dissostichus eleginoides,patagonian toothfish,Smith&McVeagh 2000 Journal of Fish Biology 57:72-83,0,Argentina,Falkland Island,-52.4849,,,-59.9853,,1,To5,0,48,,0.04125,
Clupea harengus,Atlantic herrring,Shaw et al. 1999 Heredity 83:490-499,0,Iceland,Norwegian Sea (IC),65.3835,,,-11.7701,,1,Cha17,1,48,,0.95,
Clupea harengus,Atlantic herrring,Shaw et al. 1999 Heredity 83:490-499,0,Iceland,Norwegian Sea (IC),65.3835,,,-11.7701,,1,Cha20,1,48,,0.94,
Clupea harengus,Atlantic herrring,Shaw et al. 1999 Heredity 83:490-499,0,Iceland,Norwegian Sea (IC),65.3835,,,-11.7701,,1,Cha63,1,48,,0.91,
Clupea harengus,Atlantic herrring,Shaw et al. 1999 Heredity 83:490-499,0,Iceland,Norwegian Sea (IC),65.3835,,,-11.7701,,1,Cha113,1,48,,0.92,
Clupea harengus,Atlantic herrring,Shaw et al. 1999 Heredity 83:490-499,0,Norway,Barents Sea (NS1),71.6209,,,29.7141,,1,Cha17,1,50,,0.93,
Clupea harengus,Atlantic herrring,Shaw et al. 1999 Heredity 83:490-499,0,Norway,Barents Sea (NS1),71.6209,,,29.7141,,1,Cha20,1,50,,0.92,
Clupea harengus,Atlantic herrring,Shaw et al. 1999 Heredity 83:490-499,0,Norway,Barents Sea (NS1),71.6209,,,29.7141,,1,Cha63,1,50,,0.87,
Clupea harengus,Atlantic herrring,Shaw et al. 1999 Heredity 83:490-499,0,Norway,Barents Sea (NS1),71.6209,,,29.7141,,1,Cha113,1,50,,0.89,
Clupea harengus,Atlantic herrring,Shaw et al. 1999 Heredity 83:490-499,0,Norway,Norwegian Sea (NS2),68.6631,,,3.3909,,1,Cha17,1,46,,0.94,
Clupea harengus,Atlantic herrring,Shaw et al. 1999 Heredity 83:490-499,0,Norway,Norwegian Sea (NS2),68.6631,,,3.3909,,1,Cha20,1,46,,0.94,
Clupea harengus,Atlantic herrring,Shaw et al. 1999 Heredity 83:490-499,0,Norway,Norwegian Sea (NS2),68.6631,,,3.3909,,1,Cha63,1,46,,0.92,
Clupea harengus,Atlantic herrring,Shaw et al. 1999 Heredity 83:490-499,0,Norway,Norwegian Sea (NS2),68.6631,,,3.3909,,1,Cha113,1,46,,0.89,
Clupea harengus,Atlantic herrring,Shaw et al. 1999 Heredity 83:490-499,0,Norway,Norwegian Sea (BF),68.8819,,,16.8382,,1,Cha17,1,50,,0.94,
Clupea harengus,Atlantic herrring,Shaw et al. 1999 Heredity 83:490-499,0,Norway,Norwegian Sea (BF),68.8819,,,16.8382,,1,Cha20,1,50,,0.93,
Clupea harengus,Atlantic herrring,Shaw et al. 1999 Heredity 83:490-499,0,Norway,Norwegian Sea (BF),68.8819,,,16.8382,,1,Cha63,1,50,,0.88,
Clupea harengus,Atlantic herrring,Shaw et al. 1999 Heredity 83:490-499,0,Norway,Norwegian Sea (BF),68.8819,,,16.8382,,1,Cha113,1,50,,0.85,
Dicentrarchus labrax,European sea bass,Garcia de Leon et al. 1997 Molecular Ecology 6:51-62,0,Spain,Golfo-de-Valencia,39.4848,,,0.4837,1994,1,Labrax-3,0,37,2,0.86,
Dicentrarchus labrax,European sea bass,Garcia de Leon et al. 1997 Molecular Ecology 6:51-62,0,Spain,Golfo-de-Valencia,39.4848,,,0.4837,1994,1,Labrax-6,0,37,2,0.73,
Dicentrarchus labrax,European sea bass,Garcia de Leon et al. 1997 Molecular Ecology 6:51-62,0,Spain,Golfo-de-Valencia,39.4848,,,0.4837,1994,1,Labrax-8,0,37,2,0.79,
Dicentrarchus labrax,European sea bass,Garcia de Leon et al. 1997 Molecular Ecology 6:51-62,0,Spain,Golfo-de-Valencia,39.4848,,,0.4837,1994,1,Labrax-13,0,37,2,0.93,
Dicentrarchus labrax,European sea bass,Garcia de Leon et al. 1997 Molecular Ecology 6:51-62,0,Spain,Golfo-de-Valencia,39.4848,,,0.4837,1994,1,Labrax-17,0,37,2,0.78,
Dicentrarchus labrax,European sea bass,Garcia de Leon et al. 1997 Molecular Ecology 6:51-62,0,Spain,Golfo-de-Valencia,39.4848,,,0.4837,1994,1,Labrax-29,0,37,2,0.89,
Dicentrarchus labrax,European sea bass,Garcia de Leon et al. 1997 Molecular Ecology 6:51-62,0,France,Western Rhone,42.7691,,,3.47201,1994,1,Labrax-3,0,35,2,0.83,
Dicentrarchus labrax,European sea bass,Garcia de Leon et al. 1997 Molecular Ecology 6:51-62,0,France,Western Rhone,42.7691,,,3.47201,1994,1,Labrax-6,0,35,2,0.72,
Dicentrarchus labrax,European sea bass,Garcia de Leon et al. 1997 Molecular Ecology 6:51-62,0,France,Western Rhone,42.7691,,,3.47201,1994,1,Labrax-8,0,35,2,0.75,
Dicentrarchus labrax,European sea bass,Garcia de Leon et al. 1997 Molecular Ecology 6:51-62,0,France,Western Rhone,42.7691,,,3.47201,1994,1,Labrax-13,0,35,2,0.91,
Dicentrarchus labrax,European sea bass,Garcia de Leon et al. 1997 Molecular Ecology 6:51-62,0,France,Western Rhone,42.7691,,,3.47201,1994,1,Labrax-17,0,35,2,0.82,
Dicentrarchus labrax,European sea bass,Garcia de Leon et al. 1997 Molecular Ecology 6:51-62,0,France,Western Rhone,42.7691,,,3.47201,1994,1,Labrax-29,0,35,2,0.91,
Dicentrarchus labrax,European sea bass,Garcia de Leon et al. 1997 Molecular Ecology 6:51-62,0,France,Grau-du-Roi,43.1309,,,4.9661,1994,1,Labrax-3,0,50,2,0.88,
Dicentrarchus labrax,European sea bass,Garcia de Leon et al. 1997 Molecular Ecology 6:51-62,0,France,Grau-du-Roi,43.1309,,,4.9661,1994,1,Labrax-6,0,50,2,0.69,
Dicentrarchus labrax,European sea bass,Garcia de Leon et al. 1997 Molecular Ecology 6:51-62,0,France,Grau-du-Roi,43.1309,,,4.9661,1994,1,Labrax-8,0,50,2,0.78,
Dicentrarchus labrax,European sea bass,Garcia de Leon et al. 1997 Molecular Ecology 6:51-62,0,France,Grau-du-Roi,43.1309,,,4.9661,1994,1,Labrax-13,0,50,2,0.93,
Dicentrarchus labrax,European sea bass,Garcia de Leon et al. 1997 Molecular Ecology 6:51-62,0,France,Grau-du-Roi,43.1309,,,4.9661,1994,1,Labrax-17,0,50,2,0.84,
Dicentrarchus labrax,European sea bass,Garcia de Leon et al. 1997 Molecular Ecology 6:51-62,0,France,Grau-du-Roi,43.1309,,,4.9661,1994,1,Labrax-29,0,50,2,0.93,
Dicentrarchus labrax,European sea bass,Garcia de Leon et al. 1997 Molecular Ecology 6:51-62,0,France,Eastern Rhone,43.163,,,7.2622,1994,1,Labrax-3,0,50,2,0.91,
Dicentrarchus labrax,European sea bass,Garcia de Leon et al. 1997 Molecular Ecology 6:51-62,0,France,Eastern Rhone,43.163,,,7.2622,1994,1,Labrax-6,0,50,2,0.75,
Dicentrarchus labrax,European sea bass,Garcia de Leon et al. 1997 Molecular Ecology 6:51-62,0,France,Eastern Rhone,43.163,,,7.2622,1994,1,Labrax-8,0,50,2,0.78,
Dicentrarchus labrax,European sea bass,Garcia de Leon et al. 1997 Molecular Ecology 6:51-62,0,France,Eastern Rhone,43.163,,,7.2622,1994,1,Labrax-13,0,50,2,0.91,
Dicentrarchus labrax,European sea bass,Garcia de Leon et al. 1997 Molecular Ecology 6:51-62,0,France,Eastern Rhone,43.163,,,7.2622,1994,1,Labrax-17,0,50,2,0.86,
Dicentrarchus labrax,European sea bass,Garcia de Leon et al. 1997 Molecular Ecology 6:51-62,0,France,Eastern Rhone,43.163,,,7.2622,1994,1,Labrax-29,0,50,2,0.92,
Coris julis,rainbow wrasse,Guillemaud et al. 2000 Molecular Ecology 9:629-644,1,Portugal,Foral Island,32.7296,,,-16.6534,,1,D-11,0,20,4,0.74,
Coris julis,rainbow wrasse,Guillemaud et al. 2000 Molecular Ecology 9:629-644,1,Portugal,Foral Island,32.7296,,,-16.6534,,1,D-3-3,0,20,2,0.55,
Coris julis,rainbow wrasse,Guillemaud et al. 2000 Molecular Ecology 9:629-644,1,Portugal,Foral Island,32.7296,,,-16.6534,,1,Locus 6-1,0,20,2,0.18,
Coris julis,rainbow wrasse,Guillemaud et al. 2000 Molecular Ecology 9:629-644,1,Portugal,Foral Island,32.7296,,,-16.6534,,1,A-1,0,20,2,0.65,
Coris julis,rainbow wrasse,Guillemaud et al. 2000 Molecular Ecology 9:629-644,1,Portugal,Foral Island,32.7296,,,-16.6534,,1,F-7,0,20,2,0.67,
Coris julis,rainbow wrasse,Guillemaud et al. 2000 Molecular Ecology 9:629-644,1,Portugal,Foral Island,32.7296,,,-16.6534,,1,G-2-2,0,20,2,0.32,
Coris julis,rainbow wrasse,Guillemaud et al. 2000 Molecular Ecology 9:629-644,1,Portugal,Foral Island,32.7296,,,-16.6534,,1,F-2-4,0,20,2,0.64,
Coris julis,rainbow wrasse,Guillemaud et al. 2000 Molecular Ecology 9:629-644,1,Portugal,Foral Island,32.7296,,,-16.6534,,1,E-4,0,20,2,0.81,
Syngnathus scovelli,Gulf pipefish,Jones&Avise 1997 Molecular Ecology 6:203-213,0,USA,"St. Joseph State Park, Gulf Co.",29.713,,,-85.5149,1994,1,micro11.1,0,42,,0.922,
Syngnathus scovelli,Gulf pipefish,Jones&Avise 1997 Molecular Ecology 6:203-213,0,USA,"St. Joseph State Park, Gulf Co.",29.713,,,-85.5149,1994,1,micro22.3,0,42,,0.916,
Syngnathus scovelli,Gulf pipefish,Jones&Avise 1997 Molecular Ecology 6:203-213,0,USA,"St. Joseph State Park, Gulf Co.",29.713,,,-85.5149,1994,1,micro25.10,0,78,,0.892,
Syngnathus scovelli,Gulf pipefish,Jones&Avise 1997 Molecular Ecology 6:203-213,0,USA,"St. Joseph State Park, Gulf Co.",29.713,,,-85.5149,1994,1,micro25.22,0,81,,0.947,
Spinachia spinachia,fifteenspined sickleback,Jones et al. 1998 Evolution 52:848-858,0,Sweden,Gullmar Fjord (Swedish West Coast),58.2384,,,11.3308,1996,1,Fifsp16,0,58,2,0.914,
Spinachia spinachia,fifteenspined sickleback,Jones et al. 1998 Evolution 52:848-858,0,Sweden,Gullmar Fjord (Swedish West Coast),58.2384,,,11.3308,1996,1,Fifsp10,0,58,2,0.948,
Spinachia spinachia,fifteenspined sickleback,Jones et al. 1998 Evolution 52:848-858,0,Sweden,Gullmar Fjord (Swedish West Coast),58.2384,,,11.3308,1996,1,Fifsp5,0,48,2,0.962,
Spinachia spinachia,fifteenspined sickleback,Jones et al. 1998 Evolution 52:848-858,0,Sweden,Gullmar Fjord (Swedish West Coast),58.2384,,,11.3308,1996,1,Fifsp1,0,44,2,0.705,
Spinachia spinachia,fifteenspined sickleback,Jones et al. 1998 Evolution 52:848-858,0,Sweden,Gullmar Fjord (Swedish West Coast),58.2384,,,11.3308,1996,1,Fifsp3,0,41,2,0.442,
Spinachia spinachia,fifteenspined sickleback,Jones et al. 1998 Evolution 52:848-858,0,Sweden,Gullmar Fjord (Swedish West Coast),58.2384,,,11.3308,1996,1,Fifsp15,0,45,2,0.805,
Hippocampus angustus,Western Australian seahorse,Jones et al. 1998 Molecular Ecology 7:1497-1505,0,Australia,"Perth, Western Australia",-32.0591,,,115.7036,1997,1,Han03,0,39,2,0.952,
Hippocampus angustus,Western Australian seahorse,Jones et al. 1998 Molecular Ecology 7:1497-1505,0,Australia,"Perth, Western Australia",-32.0591,,,115.7036,1997,1,Han05,0,39,2,0.913,
Hippocampus angustus,Western Australian seahorse,Jones et al. 1998 Molecular Ecology 7:1497-1505,0,Australia,"Perth, Western Australia",-32.0591,,,115.7036,1997,1,Han06,0,36,2,0.877,
Hippocampus angustus,Western Australian seahorse,Jones et al. 1998 Molecular Ecology 7:1497-1505,0,Australia,"Perth, Western Australia",-32.0591,,,115.7036,1997,1,Han15,0,33,2,0.764,
Syngnathus typhle,Broadnosed pipefish,Jones et al. 1999 Behav Ecol Sociobiol 46: 357-365,0,Sweden,Gullmar Fjord,58.2384,,,11.3308,1996,1,typh04,0,293,,0.95,
Syngnathus typhle,Broadnosed pipefish,Jones et al. 1999 Behav Ecol Sociobiol 46: 357-365,0,Sweden,Gullmar Fjord,58.2384,,,11.3308,1996,1,typh12,0,66,,0.599,
Syngnathus typhle,Broadnosed pipefish,Jones et al. 1999 Behav Ecol Sociobiol 46: 357-365,0,Sweden,Gullmar Fjord,58.2384,,,11.3308,1996,1,typh16,0,293,,0.918,
Syngnathus typhle,Broadnosed pipefish,Jones et al. 1999 Behav Ecol Sociobiol 46: 357-365,0,Sweden,Gullmar Fjord,58.2384,,,11.3308,1996,1,typh18,0,64,,0.967,
Pomatoschistus minutus,Sand goby,Jones et al. 2001 Molecular Ecology 10:461-469,0,Sweden,Klubban Biological Station,58.2521,,,11.461,1997,1,Pmin05,0,62,,0.979,
Pomatoschistus minutus,Sand goby,Jones et al. 2001 Molecular Ecology 10:461-469,0,Sweden,Klubban Biological Station,58.2521,,,11.461,1997,1,Pmin01,0,62,,0.984,
Pomatoschistus minutus,Sand goby,Jones et al. 2001 Molecular Ecology 10:461-469,0,Sweden,Klubban Biological Station,58.2521,,,11.461,1997,1,Pmin10,0,16,,0.956,
Pomatoschistus minutus,Sand goby,Jones et al. 2001 Molecular Ecology 10:461-469,0,Finland,Tvarminne,59.8049,,,23.2272,1997,1,Pmin05,0,46,,0.977,
Pomatoschistus minutus,Sand goby,Jones et al. 2001 Molecular Ecology 10:461-469,0,Finland,Tvarminne,59.8049,,,23.2272,1997,1,Pmin01,0,47,,0.981,
Pomatoschistus minutus,Sand goby,Jones et al. 2001 Molecular Ecology 10:461-469,0,Finland,Tvarminne,59.8049,,,23.2272,1997,1,Pmin10,0,15,,0.939,
Hippoglossus hippoglossus,Atlantic halibut,McGowan&Reith 1999 Molecular Ecology 8:1761-1763,1,Canada,Bay of Fundy,44.6657,,,-66.348,,1,HhiA44,0,55,,0.86,
Hippoglossus hippoglossus,Atlantic halibut,McGowan&Reith 1999 Molecular Ecology 8:1761-1763,1,Canada,Bay of Fundy,44.6657,,,-66.348,,1,HhiC17,0,55,,0.95,
Hippoglossus hippoglossus,Atlantic halibut,McGowan&Reith 1999 Molecular Ecology 8:1761-1763,1,Canada,Bay of Fundy,44.6657,,,-66.348,,1,HhiD34,0,55,,0.73,
Hippoglossus hippoglossus,Atlantic halibut,McGowan&Reith 1999 Molecular Ecology 8:1761-1763,1,Canada,Bay of Fundy,44.6657,,,-66.348,,1,HhiI29,0,55,,0.86,
Hippoglossus hippoglossus,Atlantic halibut,McGowan&Reith 1999 Molecular Ecology 8:1761-1763,1,Canada,Bay of Fundy,44.6657,,,-66.348,,1,HhiJ42,0,55,,0.79,
Clupea harengus,Atlantic herrring,McPherson et al. 2001 Journal of Fish Biology 59:356-370,0,Canada,Georges Bank,41.5977,,,-67.415,1999,1,Cha1027,0,75,,0.928,
Clupea harengus,Atlantic herrring,McPherson et al. 2001 Journal of Fish Biology 59:356-370,0,Canada,Georges Bank,41.5977,,,-67.415,1999,1,Cha1202,0,75,,0.733,
Clupea harengus,Atlantic herrring,McPherson et al. 2001 Journal of Fish Biology 59:356-370,0,Canada,Georges Bank,41.5977,,,-67.415,1999,1,Cha1059,0,75,,0.707,
Clupea harengus,Atlantic herrring,McPherson et al. 2001 Journal of Fish Biology 59:356-370,0,Canada,Georges Bank,41.5977,,,-67.415,1999,1,Cha1017,0,75,,0.814,
Clupea harengus,Atlantic herrring,McPherson et al. 2001 Journal of Fish Biology 59:356-370,0,Canada,Georges Bank,41.5977,,,-67.415,1999,1,Cha1020,0,75,,0.921,
Clupea harengus,Atlantic herrring,McPherson et al. 2001 Journal of Fish Biology 59:356-370,0,Canada,Georges Bank,41.5977,,,-67.415,1999,1,Cha1045,0,75,,0.893,
Clupea harengus,Atlantic herrring,McPherson et al. 2001 Journal of Fish Biology 59:356-370,0,Canada,Georges Bank,41.5977,,,-67.415,1999,1,Cpa113,0,75,,0.93,
Clupea harengus,Atlantic herrring,McPherson et al. 2001 Journal of Fish Biology 59:356-370,0,Canada,Georges Bank,41.5977,,,-67.415,1999,1,Cpa102,0,75,,0.936,
Clupea harengus,Atlantic herrring,McPherson et al. 2001 Journal of Fish Biology 59:356-370,0,Canada,Georges Bank,41.5977,,,-67.415,1999,1,Cpa108,0,75,,0.47,
Clupea harengus,Atlantic herrring,McPherson et al. 2001 Journal of Fish Biology 59:356-370,0,Canada,Devastation Shoal 1,43.5348,,,-64.443,1998,1,Cha1027,0,65,,0.925,
Clupea harengus,Atlantic herrring,McPherson et al. 2001 Journal of Fish Biology 59:356-370,0,Canada,Devastation Shoal 1,43.5348,,,-64.443,1998,1,Cha1202,0,65,,0.727,
Clupea harengus,Atlantic herrring,McPherson et al. 2001 Journal of Fish Biology 59:356-370,0,Canada,Devastation Shoal 1,43.5348,,,-64.443,1998,1,Cha1059,0,65,,0.766,
Clupea harengus,Atlantic herrring,McPherson et al. 2001 Journal of Fish Biology 59:356-370,0,Canada,Devastation Shoal 1,43.5348,,,-64.443,1998,1,Cha1017,0,65,,0.831,
Clupea harengus,Atlantic herrring,McPherson et al. 2001 Journal of Fish Biology 59:356-370,0,Canada,Devastation Shoal 1,43.5348,,,-64.443,1998,1,Cha1020,0,65,,0.91,
Clupea harengus,Atlantic herrring,McPherson et al. 2001 Journal of Fish Biology 59:356-370,0,Canada,Devastation Shoal 1,43.5348,,,-64.443,1998,1,Cha1045,0,65,,0.901,
Clupea harengus,Atlantic herrring,McPherson et al. 2001 Journal of Fish Biology 59:356-370,0,Canada,Devastation Shoal 1,43.5348,,,-64.443,1998,1,Cpa113,0,65,,0.925,
Clupea harengus,Atlantic herrring,McPherson et al. 2001 Journal of Fish Biology 59:356-370,0,Canada,Devastation Shoal 1,43.5348,,,-64.443,1998,1,Cpa102,0,65,,0.919,
Clupea harengus,Atlantic herrring,McPherson et al. 2001 Journal of Fish Biology 59:356-370,0,Canada,Devastation Shoal 1,43.5348,,,-64.443,1998,1,Cpa108,0,65,,0.569,
Clupea harengus,Atlantic herrring,McPherson et al. 2001 Journal of Fish Biology 59:356-370,0,Canada,Devastation Shoal 2,43.5213,,,-64.4313,1998,1,Cha1027,0,65,,0.935,
Clupea harengus,Atlantic herrring,McPherson et al. 2001 Journal of Fish Biology 59:356-370,0,Canada,Devastation Shoal 2,43.5213,,,-64.4313,1998,1,Cha1202,0,65,,0.639,
Clupea harengus,Atlantic herrring,McPherson et al. 2001 Journal of Fish Biology 59:356-370,0,Canada,Devastation Shoal 2,43.5213,,,-64.4313,1998,1,Cha1059,0,65,,0.718,
Clupea harengus,Atlantic herrring,McPherson et al. 2001 Journal of Fish Biology 59:356-370,0,Canada,Devastation Shoal 2,43.5213,,,-64.4313,1998,1,Cha1017,0,65,,0.824,
Clupea harengus,Atlantic herrring,McPherson et al. 2001 Journal of Fish Biology 59:356-370,0,Canada,Devastation Shoal 2,43.5213,,,-64.4313,1998,1,Cha1020,0,65,,0.92,
Clupea harengus,Atlantic herrring,McPherson et al. 2001 Journal of Fish Biology 59:356-370,0,Canada,Devastation Shoal 2,43.5213,,,-64.4313,1998,1,Cha1045,0,65,,0.895,
Clupea harengus,Atlantic herrring,McPherson et al. 2001 Journal of Fish Biology 59:356-370,0,Canada,Devastation Shoal 2,43.5213,,,-64.4313,1998,1,Cpa113,0,65,,0.922,
Clupea harengus,Atlantic herrring,McPherson et al. 2001 Journal of Fish Biology 59:356-370,0,Canada,Devastation Shoal 2,43.5213,,,-64.4313,1998,1,Cpa102,0,65,,0.918,
Clupea harengus,Atlantic herrring,McPherson et al. 2001 Journal of Fish Biology 59:356-370,0,Canada,Devastation Shoal 2,43.5213,,,-64.4313,1998,1,Cpa108,0,65,,0.301,
Clupea harengus,Atlantic herrring,McPherson et al. 2001 Journal of Fish Biology 59:356-370,0,Canada,Three Fathoms Harbour,44.3738,,,-63.107,1998,1,Cha1027,0,60,,0.922,
Clupea harengus,Atlantic herrring,McPherson et al. 2001 Journal of Fish Biology 59:356-370,0,Canada,Three Fathoms Harbour,44.3738,,,-63.107,1998,1,Cha1202,0,60,,0.684,
Clupea harengus,Atlantic herrring,McPherson et al. 2001 Journal of Fish Biology 59:356-370,0,Canada,Three Fathoms Harbour,44.3738,,,-63.107,1998,1,Cha1059,0,60,,0.68,
Clupea harengus,Atlantic herrring,McPherson et al. 2001 Journal of Fish Biology 59:356-370,0,Canada,Three Fathoms Harbour,44.3738,,,-63.107,1998,1,Cha1017,0,60,,0.815,
Clupea harengus,Atlantic herrring,McPherson et al. 2001 Journal of Fish Biology 59:356-370,0,Canada,Three Fathoms Harbour,44.3738,,,-63.107,1998,1,Cha1020,0,60,,0.914,
Clupea harengus,Atlantic herrring,McPherson et al. 2001 Journal of Fish Biology 59:356-370,0,Canada,Three Fathoms Harbour,44.3738,,,-63.107,1998,1,Cha1045,0,60,,0.895,
Clupea harengus,Atlantic herrring,McPherson et al. 2001 Journal of Fish Biology 59:356-370,0,Canada,Three Fathoms Harbour,44.3738,,,-63.107,1998,1,Cpa113,0,60,,0.934,
Clupea harengus,Atlantic herrring,McPherson et al. 2001 Journal of Fish Biology 59:356-370,0,Canada,Three Fathoms Harbour,44.3738,,,-63.107,1998,1,Cpa102,0,60,,0.929,
Clupea harengus,Atlantic herrring,McPherson et al. 2001 Journal of Fish Biology 59:356-370,0,Canada,Three Fathoms Harbour,44.3738,,,-63.107,1998,1,Cpa108,0,60,,0.542,
Clupea harengus,Atlantic herrring,McPherson et al. 2001 Journal of Fish Biology 59:356-370,0,Canada,Eastern Passage,44.37,,,-63.11,1999,1,Cha1027,0,75,,0.939,
Clupea harengus,Atlantic herrring,McPherson et al. 2001 Journal of Fish Biology 59:356-370,0,Canada,Eastern Passage,44.37,,,-63.11,1999,1,Cha1202,0,75,,0.739,
Clupea harengus,Atlantic herrring,McPherson et al. 2001 Journal of Fish Biology 59:356-370,0,Canada,Eastern Passage,44.37,,,-63.11,1999,1,Cha1059,0,75,,0.722,
Clupea harengus,Atlantic herrring,McPherson et al. 2001 Journal of Fish Biology 59:356-370,0,Canada,Eastern Passage,44.37,,,-63.11,1999,1,Cha1017,0,75,,0.834,
Clupea harengus,Atlantic herrring,McPherson et al. 2001 Journal of Fish Biology 59:356-370,0,Canada,Eastern Passage,44.37,,,-63.11,1999,1,Cha1020,0,75,,0.915,
Clupea harengus,Atlantic herrring,McPherson et al. 2001 Journal of Fish Biology 59:356-370,0,Canada,Eastern Passage,44.37,,,-63.11,1999,1,Cha1045,0,75,,0.897,
Clupea harengus,Atlantic herrring,McPherson et al. 2001 Journal of Fish Biology 59:356-370,0,Canada,Eastern Passage,44.37,,,-63.11,1999,1,Cpa113,0,75,,0.927,
Clupea harengus,Atlantic herrring,McPherson et al. 2001 Journal of Fish Biology 59:356-370,0,Canada,Eastern Passage,44.37,,,-63.11,1999,1,Cpa102,0,75,,0.935,
Clupea harengus,Atlantic herrring,McPherson et al. 2001 Journal of Fish Biology 59:356-370,0,Canada,Eastern Passage,44.37,,,-63.11,1999,1,Cpa108,0,75,,0.522,
Clupea harengus,Atlantic herrring,McPherson et al. 2001 Journal of Fish Biology 59:356-370,0,Canada,Bras d'Or Lakes,46.052,,,-60.447,2000,1,Cha1027,0,71,,0.888,
Clupea harengus,Atlantic herrring,McPherson et al. 2001 Journal of Fish Biology 59:356-370,0,Canada,Bras d'Or Lakes,46.052,,,-60.447,2000,1,Cha1202,0,71,,0.742,
Clupea harengus,Atlantic herrring,McPherson et al. 2001 Journal of Fish Biology 59:356-370,0,Canada,Bras d'Or Lakes,46.052,,,-60.447,2000,1,Cha1059,0,71,,0.714,
Clupea harengus,Atlantic herrring,McPherson et al. 2001 Journal of Fish Biology 59:356-370,0,Canada,Bras d'Or Lakes,46.052,,,-60.447,2000,1,Cha1017,0,71,,0.764,
Clupea harengus,Atlantic herrring,McPherson et al. 2001 Journal of Fish Biology 59:356-370,0,Canada,Bras d'Or Lakes,46.052,,,-60.447,2000,1,Cha1020,0,71,,0.856,
Clupea harengus,Atlantic herrring,McPherson et al. 2001 Journal of Fish Biology 59:356-370,0,Canada,Bras d'Or Lakes,46.052,,,-60.447,2000,1,Cha1045,0,71,,0.911,
Clupea harengus,Atlantic herrring,McPherson et al. 2001 Journal of Fish Biology 59:356-370,0,Canada,Bras d'Or Lakes,46.052,,,-60.447,2000,1,Cpa113,0,71,,0.921,
Clupea harengus,Atlantic herrring,McPherson et al. 2001 Journal of Fish Biology 59:356-370,0,Canada,Bras d'Or Lakes,46.052,,,-60.447,2000,1,Cpa102,0,71,,0.883,
Clupea harengus,Atlantic herrring,McPherson et al. 2001 Journal of Fish Biology 59:356-370,0,Canada,Bras d'Or Lakes,46.052,,,-60.447,2000,1,Cpa108,0,71,,0.197,
Dicentrarchus labrax,seabasss,Naciri et al. 1999 The Journal of Heredity 90: 591-596,0,Belgium,Antwerpen,51.705,,,3.4348,1997,6,,0,50,,0.89,
Dicentrarchus labrax,seabasss,Naciri et al. 1999 The Journal of Heredity 90: 591-596,0,Portugal,Aveiro,40.6564,,,-8.6731,,6,,0,50,,0.91,
Dicentrarchus labrax,seabasss,Naciri et al. 1999 The Journal of Heredity 90: 591-596,0,Morocco,Rabat,34.0306,,,-6.9231,1996,6,,0,60,,0.89,
Dicentrarchus labrax,seabasss,Naciri et al. 1999 The Journal of Heredity 90: 591-596,0,Morocco,Tahadarte 1,35.6986,,,-5.9796,1997,6,,0,30,,0.88,
Dicentrarchus labrax,seabasss,Naciri et al. 1999 The Journal of Heredity 90: 591-596,0,Morocco,Tahadarte 2,35.6829,,,-5.9961,1997,6,,0,35,,0.88,
Dicentrarchus labrax,seabasss,Naciri et al. 1999 The Journal of Heredity 90: 591-596,0,Morocco,Tanger 1,35.7879,,,-5.7835,1997,6,,0,65,,0.89,
Dicentrarchus labrax,seabasss,Naciri et al. 1999 The Journal of Heredity 90: 591-596,0,Morocco,Tanger 2,35.7935,,,-5.7742,1997,6,,0,65,,0.9,
Dicentrarchus labrax,seabasss,Naciri et al. 1999 The Journal of Heredity 90: 591-596,0,Morocco,Ksar-Sghir 1,35.8607,,,-5.5585,1997,6,,0,46,,0.89,
Dicentrarchus labrax,seabasss,Naciri et al. 1999 The Journal of Heredity 90: 591-596,0,Morocco,Ksar-Sghir 2,35.8579,,,-5.5915,1997,6,,0,14,,0.91,
Dicentrarchus labrax,seabasss,Naciri et al. 1999 The Journal of Heredity 90: 591-596,0,Morocco,Martil,35.6271,,,-5.244,1997,6,,0,40,,0.88,
Dicentrarchus labrax,seabasss,Naciri et al. 1999 The Journal of Heredity 90: 591-596,0,Morocco,Nador,35.249,,,-2.8049,1996,6,,0,9,,0.89,
Dicentrarchus labrax,seabasss,Naciri et al. 1999 The Journal of Heredity 90: 591-596,0,France,Sete,43.3876,,,3.7342,1994,6,,0,26,,0.86,
Dicentrarchus labrax,seabasss,Naciri et al. 1999 The Journal of Heredity 90: 591-596,0,Spain,Valencia,39.4878,,,-0.2063,1994,6,,0,37,,0.83,
Dicentrarchus labrax,seabasss,Naciri et al. 1999 The Journal of Heredity 90: 591-596,0,Italy,Marsala,37.7568,,,12.4002,1991,6,,0,26,,0.84,
Seriola dumerili,Greater amberjack,Nugruho&Taniguchi 1999 Fisheries Science 65:353-357,0,Japan,Kochi prefecture,33.1767,,,133.5891,,1,Sdn-06,0,40,,0.733,
Seriola dumerili,Greater amberjack,Nugruho&Taniguchi 1999 Fisheries Science 65:353-357,0,Japan,Kochi prefecture,33.1767,,,133.5891,,1,Sdn-07,0,40,,0.868,
Seriola dumerili,Greater amberjack,Nugruho&Taniguchi 1999 Fisheries Science 65:353-357,0,Japan,Kochi prefecture,33.1767,,,133.5891,,1,Sdn-09,0,40,,0.712,
Seriola rivoliana,Longfin yellowtail,Nugruho&Taniguchi 1999 Fisheries Science 65:353-357,0,Japan,Kochi prefecture,33.1767,,,133.5891,,1,Sdn-06,1,20,,0.563,
Seriola rivoliana,Longfin yellowtail,Nugruho&Taniguchi 1999 Fisheries Science 65:353-357,0,Japan,Kochi prefecture,33.1767,,,133.5891,,1,Sdn-07,1,20,,0.726,
Seriola rivoliana,Longfin yellowtail,Nugruho&Taniguchi 1999 Fisheries Science 65:353-357,0,Japan,Kochi prefecture,33.1767,,,133.5891,,1,Sdn-09,1,20,,0.619,
Seriola quinqueradiata,Japanese amberjack,Nugruho&Taniguchi 1999 Fisheries Science 65:353-357,0,Japan,Kochi prefecture,33.1767,,,133.5891,,1,Sdn-06,1,40,,0.773,
Seriola quinqueradiata,Japanese amberjack,Nugruho&Taniguchi 1999 Fisheries Science 65:353-357,0,Japan,Kochi prefecture,33.1767,,,133.5891,,1,Sdn-07,1,40,,0.428,
Seriola quinqueradiata,Japanese amberjack,Nugruho&Taniguchi 1999 Fisheries Science 65:353-357,0,Japan,Kochi prefecture,33.1767,,,133.5891,,1,Sdn-09,1,40,,0.844,
Seriola lalandi,Yellowtail amberjack,Nugruho&Taniguchi 1999 Fisheries Science 65:353-357,0,Japan,Kochi prefecture,33.1767,,,133.5891,,1,Sdn-06,1,40,,0.807,
Seriola lalandi,Yellowtail amberjack,Nugruho&Taniguchi 1999 Fisheries Science 65:353-357,0,Japan,Kochi prefecture,33.1767,,,133.5891,,1,Sdn-07,1,40,,0.908,
Seriola lalandi,Yellowtail amberjack,Nugruho&Taniguchi 1999 Fisheries Science 65:353-357,0,Japan,Kochi prefecture,33.1767,,,133.5891,,1,Sdn-09,1,40,,0.883,
Seriola lalandi,Yellowtail kingfish,Nugruho et al. 2001 Fisheries Science 67:843-850,0,Japan,Kochi prefecture,33.2365,,,133.8858,1996,1,Sdn-06,1,60,,0.748,
Seriola lalandi,Yellowtail kingfish,Nugruho et al. 2001 Fisheries Science 67:843-850,0,Japan,Kochi prefecture,33.2365,,,133.8858,1996,1,Sdn-09,1,60,,0.723,
Seriola lalandi,Yellowtail kingfish,Nugruho et al. 2001 Fisheries Science 67:843-850,0,Australia,NSW coast,-34.4441,,,152.3373,1999,1,Sdn-03,1,69,,0.95,
Seriola lalandi,Yellowtail kingfish,Nugruho et al. 2001 Fisheries Science 67:843-850,0,Australia,NSW coast,-34.4441,,,152.3373,1999,1,Sdn-09,1,78,,0.754,
Gadus morhua,cod,Ruzzante et al. 2001 Conservation Genetics 2:257-269,0,Canada,Newfoundland and Labrador (2J),52.8,,,-53.8,,5,,0,86,,0.864,
Gadus morhua,cod,Ruzzante et al. 2001 Conservation Genetics 2:257-269,0,Canada,Newfoundland and Labrador (3K),51.2,,,-53.1,,6,,0,185,,0.752,
Gadus morhua,cod,Ruzzante et al. 2001 Conservation Genetics 2:257-269,0,Canada,Newfoundland and Labrador (3L),48.4,,,-49.4,,6,,0,218,,0.763,
Gadus morhua,cod,Ruzzante et al. 2001 Conservation Genetics 2:257-269,0,Canada,Newfoundland and Labrador (3N),46.1,,,-47.6,,5,,0,30,,0.867,
Gadus morhua,cod,Ruzzante et al. 2001 Conservation Genetics 2:257-269,0,Canada,Newfoundland and Labrador (3M),47.1,,,-46.2,,6,,0,51,,0.748,
Clupea harengus,Atlantic herring,McPherson et al. 2001 Molecular Ecology Notes 1: 31-32,1,Canada,Scot's Bay,45.3076,,,-64.4412,,1,1005,0,50,,0.93,
Clupea harengus,Atlantic herring,McPherson et al. 2001 Molecular Ecology Notes 1: 31-32,1,Canada,Scot's Bay,45.3076,,,-64.4412,,1,1014,0,50,,0.98,
Clupea harengus,Atlantic herring,McPherson et al. 2001 Molecular Ecology Notes 1: 31-32,1,Canada,Scot's Bay,45.3076,,,-64.4412,,1,1017,0,50,,0.83,
Clupea harengus,Atlantic herring,McPherson et al. 2001 Molecular Ecology Notes 1: 31-32,1,Canada,Scot's Bay,45.3076,,,-64.4412,,1,1020,0,50,,0.93,
Clupea harengus,Atlantic herring,McPherson et al. 2001 Molecular Ecology Notes 1: 31-32,1,Canada,Scot's Bay,45.3076,,,-64.4412,,1,1027,0,50,,0.93,
Clupea harengus,Atlantic herring,McPherson et al. 2001 Molecular Ecology Notes 1: 31-32,1,Canada,Scot's Bay,45.3076,,,-64.4412,,1,1045,0,50,,0.92,
Clupea harengus,Atlantic herring,McPherson et al. 2001 Molecular Ecology Notes 1: 31-32,1,Canada,Scot's Bay,45.3076,,,-64.4412,,1,1059,0,50,,0.66,
Clupea harengus,Atlantic herring,McPherson et al. 2001 Molecular Ecology Notes 1: 31-32,1,Canada,Scot's Bay,45.3076,,,-64.4412,,1,1202,0,50,,0.8,
Clupea harengus,Atlantic herring,McPherson et al. 2001 Molecular Ecology Notes 1: 31-32,1,Canada,Scot's Bay,45.3076,,,-64.4412,,1,1235,0,50,,0.97,